query;title;url;abstract;authors;date;if;score;journal
"""in vivo gene editing"" OR ""in vivo genome editing""";Extracellular nanovesicles for packaging of CRISPR-Cas9 protein and sgRNA to induce therapeutic exon skipping.;https://ncbi.nlm.nih.gov/pubmed/32170079;Prolonged expression of the CRISPR-Cas9 nuclease and gRNA from viral vectors may cause off-target mutagenesis and immunogenicity.  Thus, a transient delivery system is needed for therapeutic genome editing applications.;Peter Gee ...  Akitsu Hotta;2020-03-14;11.80;0.29;Nat Commun
"""in vivo gene editing"" OR ""in vivo genome editing""";Uniform sarcolemmal dystrophin expression is required to prevent extracellular microRNA release and improve dystrophic pathology.;https://ncbi.nlm.nih.gov/pubmed/31849191;BACKGROUND: Duchenne muscular dystrophy (DMD) is a fatal muscle-wasting disorder caused by genetic loss of dystrophin protein.  Extracellular microRNAs (ex-miRNAs) are putative, minimally invasive biomarkers of DMD.;Tirsa L E van Westering ...  Thomas C Roberts;2019-12-18;9.55;0.14;J Cachexia Sarcopenia Muscle
"""in vivo gene editing"" OR ""in vivo genome editing""";Potent CRISPR-Cas9 inhibitors from ;https://ncbi.nlm.nih.gov/pubmed/32156733;Anti-CRISPRs (Acrs) are small proteins that inhibit the RNA-guided DNA targeting activity of CRISPR-Cas enzymes.  Encoded by bacteriophage and phage-derived bacterial genes, Acrs prevent CRISPR-mediated inhibition of phage infection and can also block CRISPR-Cas-mediated genome editing in eukaryotic ....;Kyle E Watters ...  Jennifer A Doudna;2020-03-11;9.35;0.14;Proc. Natl. Acad. Sci. U.S.A.
"""in vivo gene editing"" OR ""in vivo genome editing""";CRISPR-mediated modeling and functional validation of candidate tumor suppressor genes in small cell lung cancer.;https://ncbi.nlm.nih.gov/pubmed/31871154;Small cell lung cancer (SCLC) is a highly aggressive subtype of lung cancer that remains among the most lethal of solid tumor malignancies.  Recent genomic sequencing studies have identified many recurrently mutated genes in human SCLC tumors.;Sheng Rong Ng ...  Tyler Jacks;2019-12-24;9.35;0.14;Proc. Natl. Acad. Sci. U.S.A.
"""in vivo gene editing"" OR ""in vivo genome editing""";Advances in CRISPR/Cas-based Gene Therapy in Human Genetic Diseases.;https://ncbi.nlm.nih.gov/pubmed/32292501;CRISPR/Cas genome editing is a simple, cost effective, and highly specific technique for introducing genetic variations.  In mammalian cells, CRISPR/Cas can facilitate non-homologous end joining, homology- directed repair, and single-base exchanges.;Shao-Shuai Wu ...  Chun-Qing Song;2020-04-15;8.02;0.14;Theranostics
"""in vivo gene editing"" OR ""in vivo genome editing""";Allele-specific genome targeting in the development of precision medicine.;https://ncbi.nlm.nih.gov/pubmed/32194858;The CRISPR-based genome editing holds immense potential to fix disease-causing mutations, however, must also handle substantial natural genetic variations between individuals.  Previous studies have shown that mismatches between the single guide RNA (sgRNA) and genomic DNA may negatively impact sgRN ....;Junjiao Wu ...  Yu Tang;2020-03-20;8.02;0.14;Theranostics
"""in vivo gene editing"" OR ""in vivo genome editing""";Gene Therapy for Glaucoma by Ciliary Body Aquaporin 1 Disruption Using CRISPR-Cas9.;https://ncbi.nlm.nih.gov/pubmed/31981492;Glaucoma is a common cause of blindness, yet current therapeutic options are imperfect.  Clinical trials have invariably shown that reduction in intraocular pressure (IOP) regardless of disease subtype prevents visual loss.;Jiahui Wu ...  Colin J Chu;2020-01-25;7.47;0.14;Mol. Ther.
"""in vivo gene editing"" OR ""in vivo genome editing""";Development of a CRISPR-SaCas9 system for projection- and function-specific gene editing in the rat brain.;https://ncbi.nlm.nih.gov/pubmed/32206715;A genome editing technique based on the clustered regularly interspaced short palindromic repeats (CRISPR)-associated endonuclease Cas9 enables efficient modification of genes in various cell types, including neurons.  However, neuronal ensembles even in the same brain region are not anatomically or ....;Haojie Sun ...  You Wan;2020-03-24;12.53;0.14;Sci Adv
"""in vivo gene editing"" OR ""in vivo genome editing""";A mutation-independent CRISPR-Cas9-mediated gene targeting approach to treat a murine model of ornithine transcarbamylase deficiency.;https://ncbi.nlm.nih.gov/pubmed/32095520;Ornithine transcarbamylase (OTC) deficiency is an X-linked urea cycle disorder associated with high mortality.  Although a promising treatment for late-onset OTC deficiency, adeno-associated virus (AAV) neonatal gene therapy would only provide short-term therapeutic effects as the non-integrated gen ....;Lili Wang ...  James M Wilson;2020-02-25;12.53;0.14;Sci Adv
"""in vivo gene editing"" OR ""in vivo genome editing""";Enhanced CRISPR-Cas9 correction of Duchenne muscular dystrophy in mice by a self-complementary AAV delivery system.;https://ncbi.nlm.nih.gov/pubmed/32128412;Duchenne muscular dystrophy (DMD) is a lethal neuromuscular disease caused by mutations in the dystrophin gene (;Yu Zhang ...  Eric N Olson;2020-03-04;12.53;0.14;Sci Adv
"""in vivo gene editing"" OR ""in vivo genome editing""";A Cas12a ortholog with stringent PAM recognition followed by low off-target editing rates for genome editing.;https://ncbi.nlm.nih.gov/pubmed/32213191;BACKGROUND: AsCas12a and LbCas12a nucleases are reported to be promising tools for genome engineering with protospacer adjacent motif (PAM) TTTV as the optimal.  However, the C-containing PAM (CTTV, TCTV, TTCV, etc.;Peng Chen ...  Lei Yin;2020-03-27;12.16;0.14;Genome Biol.
"""in vivo gene editing"" OR ""in vivo genome editing""";Small molecule regulated sgRNAs enable control of genome editing in E. coli by Cas9.;https://ncbi.nlm.nih.gov/pubmed/32170140;CRISPR-Cas9 has led to great advances in gene editing for a broad spectrum of applications.  To further the utility of Cas9 there have been efforts to achieve temporal control over its nuclease activity.;Roman S Iwasaki ...  Robert T Batey;2020-03-14;11.80;0.14;Nat Commun
"""in vivo gene editing"" OR ""in vivo genome editing""";Conditional control of RNA-guided nucleic acid cleavage and gene editing.;https://ncbi.nlm.nih.gov/pubmed/31900392;Prokaryotes use repetitive genomic elements termed CRISPR (clustered regularly interspaced short palindromic repeats) to destroy invading genetic molecules.  Although CRISPR systems have been widely used in DNA and RNA technology, certain adverse effects do occur.;Shao-Ru Wang ...  Xiang Zhou;2020-01-04;11.80;0.14;Nat Commun
"""in vivo gene editing"" OR ""in vivo genome editing""";Single AAV-mediated mutation replacement genome editing in limited number of photoreceptors restores vision in mice.;https://ncbi.nlm.nih.gov/pubmed/31980606;Supplementing wildtype copies of functionally defective genes with adeno-associated virus (AAV) is a strategy being explored clinically for various retinal dystrophies.  However, the low cargo limit of this vector allows its use in only a fraction of patients with mutations in relatively small patho ....;Koji M Nishiguchi ...  Toru Nakazawa;2020-01-25;11.80;0.14;Nat Commun
"""in vivo gene editing"" OR ""in vivo genome editing""";A MAFG-lncRNA axis links systemic nutrient abundance to hepatic glucose metabolism.;https://ncbi.nlm.nih.gov/pubmed/32005828;Obesity and type 2 diabetes mellitus are global emergencies and long noncoding RNAs (lncRNAs) are regulatory transcripts with elusive functions in metabolism.  Here we show that a high fraction of lncRNAs, but not protein-coding mRNAs, are repressed during diet-induced obesity (DIO) and refeeding, w ....;Marta Pradas-Juni ...  Jan-Wilhelm Kornfeld;2020-02-01;11.80;0.14;Nat Commun
"""in vivo gene editing"" OR ""in vivo genome editing""";Haplotyping by CRISPR-mediated DNA circularization (CRISPR-hapC) broadens allele-specific gene editing.;https://ncbi.nlm.nih.gov/pubmed/31943080;Allele-specific protospacer adjacent motif (asPAM)-positioning SNPs and CRISPRs are valuable resources for gene therapy of dominant disorders.  However, one technical hurdle is to identify the haplotype comprising the disease-causing allele and the distal asPAM SNPs.;Jiaying Yu ...  Lin Lin;2020-01-16;11.14;0.14;Nucleic Acids Res.
"""in vivo gene editing"" OR ""in vivo genome editing""";Improved LbCas12a variants with altered PAM specificities further broaden the genome targeting range of Cas12a nucleases.;https://ncbi.nlm.nih.gov/pubmed/32107556;The widespread use of Cas12a (formerly Cpf1) nucleases for genome engineering is limited by their requirement for a rather long TTTV protospacer adjacent motif (PAM) sequence.  Here we have aimed to loosen these PAM constraints and have generated new PAM mutant variants of the four Cas12a orthologs  ....;Eszter Tóth ...  Ervin Welker;2020-02-28;11.14;0.14;Nucleic Acids Res.
"""in vivo gene editing"" OR ""in vivo genome editing""";Targeted PMP22 TATA-box editing by CRISPR/Cas9 reduces demyelinating neuropathy of Charcot-Marie-Tooth disease type 1A in mice.;https://ncbi.nlm.nih.gov/pubmed/31713617;Charcot-Marie-Tooth 1A (CMT1A) is the most common inherited neuropathy without a known therapy, which is caused by a 1. 4 Mb duplication on human chromosome 17, which includes the gene encoding the peripheral myelin protein of 22 kDa (PMP22).;Ji-Su Lee ...  Byung-Ok Choi;2019-11-12;11.14;0.14;Nucleic Acids Res.
"""in vivo gene editing"" OR ""in vivo genome editing""";DNA targeting by Clostridium cellulolyticum CRISPR-Cas9 Type II-C system.;https://ncbi.nlm.nih.gov/pubmed/31943070;Type II CRISPR-Cas9 RNA-guided nucleases are widely used for genome engineering.  Type II-A SpCas9 protein from Streptococcus pyogenes is the most investigated and highly used enzyme of its class.;Iana Fedorova ...  Konstantin Severinov;2020-01-16;11.14;0.14;Nucleic Acids Res.
"""in vivo gene editing"" OR ""in vivo genome editing""";In vivo CRISPRa decreases seizures and rescues cognitive deficits in a rodent model of epilepsy.;https://ncbi.nlm.nih.gov/pubmed/32129831;Epilepsy is a major health burden, calling for new mechanistic insights and therapies.  CRISPR-mediated gene editing shows promise to cure genetic pathologies, although hitherto it has mostly been applied ex vivo.;Gaia Colasante ...  Gabriele Lignani;2020-03-04;11.11;0.14;Brain
"""chimeric antigen receptor"" OR ""CAR T"" OR ""CAR-""";Broad and thematic remodeling of the surfaceome and glycoproteome on isogenic cells transformed with driving proliferative oncogenes.;https://ncbi.nlm.nih.gov/pubmed/32205440;The cell surface proteome, the surfaceome, is the interface for engaging the extracellular space in normal and cancer cells.  Here we apply quantitative proteomics of .;Kevin K Leung ...  James A Wells;2020-03-24;9.35;0.14;Proc. Natl. Acad. Sci. U.S.A.
"""chimeric antigen receptor"" OR ""CAR T"" OR ""CAR-""";A Test-and-Not-Treat Strategy for Onchocerciasis Elimination in Loa loa-coendemic Areas: Cost Analysis of a Pilot in the Soa Health District, Cameroon.;https://ncbi.nlm.nih.gov/pubmed/31165855;BACKGROUND: Severe adverse events after treatment with ivermectin in individuals with high levels of Loa loa microfilariae in the blood preclude onchocerciasis elimination through community-directed treatment with ivermectin (CDTI) in Central Africa.  We measured the cost of a community-based pilot  ....;Edeltraud J Lenk ...  Wilma A Stolk;2019-06-05;7.71;0.14;Clin. Infect. Dis.
"""chimeric antigen receptor"" OR ""CAR T"" OR ""CAR-""";A T-cell-redirecting bispecific G-protein-coupled receptor class 5 member D x CD3 antibody to treat multiple myeloma.;https://ncbi.nlm.nih.gov/pubmed/32040549;T-cell-mediated approaches have shown promise in myeloma treatment.  However, there are currently a limited number of specific myeloma antigens that can be targeted, and multiple myeloma (MM) remains an incurable disease.;Kodandaram Pillarisetti ...  François Gaudet;2020-02-10;10.66;0.14;Blood
" ""AAV"" AND ""immunogenicity""";Extracellular nanovesicles for packaging of CRISPR-Cas9 protein and sgRNA to induce therapeutic exon skipping.;https://ncbi.nlm.nih.gov/pubmed/32170079;Prolonged expression of the CRISPR-Cas9 nuclease and gRNA from viral vectors may cause off-target mutagenesis and immunogenicity.  Thus, a transient delivery system is needed for therapeutic genome editing applications.;Peter Gee ...  Akitsu Hotta;2020-03-14;11.80;0.29;Nat Commun
" ""AAV"" AND ""immunogenicity""";In vivo CRISPRa decreases seizures and rescues cognitive deficits in a rodent model of epilepsy.;https://ncbi.nlm.nih.gov/pubmed/32129831;Epilepsy is a major health burden, calling for new mechanistic insights and therapies.  CRISPR-mediated gene editing shows promise to cure genetic pathologies, although hitherto it has mostly been applied ex vivo.;Gaia Colasante ...  Gabriele Lignani;2020-03-04;11.11;0.29;Brain
" ""AAV"" AND ""immunogenicity""";Single-domain antibodies targeting antithrombin reduce bleeding in hemophilic mice with or without inhibitors.;https://ncbi.nlm.nih.gov/pubmed/32159286;Novel therapies for hemophilia, including non-factor replacement and in vivo gene therapy, are showing promising results in the clinic, including for patients having a history of inhibitor development.  Here, we propose a novel therapeutic approach for hemophilia based on llama-derived single-domain ....;Elena Barbon ...  Peter J Lenting;2020-03-11;10.28;0.29;EMBO Mol Med
" ""AAV"" AND ""immunogenicity""";Targeting T cell malignancies using CAR-based immunotherapy: challenges and potential solutions.;https://ncbi.nlm.nih.gov/pubmed/31884955;"Chimeric antigen receptor (CAR) T cell therapy has been successful in treating B cell malignancies in clinical trials; however, fewer studies have evaluated CAR T cell therapy for the treatment of T cell malignancies.  There are many challenges in translating this therapy for T cell disease, includi ....";Lauren C Fleischer ...  Sunil S Raikar;2019-12-30;8.71;0.14;J Hematol Oncol
" ""AAV"" AND ""immunogenicity""";Advances in CRISPR/Cas-based Gene Therapy in Human Genetic Diseases.;https://ncbi.nlm.nih.gov/pubmed/32292501;CRISPR/Cas genome editing is a simple, cost effective, and highly specific technique for introducing genetic variations.  In mammalian cells, CRISPR/Cas can facilitate non-homologous end joining, homology- directed repair, and single-base exchanges.;Shao-Shuai Wu ...  Chun-Qing Song;2020-04-15;8.02;0.14;Theranostics
" ""AAV"" AND ""immunogenicity""";Synthetic immunity by remote control.;https://ncbi.nlm.nih.gov/pubmed/32206114;Cell-based immunotherapies, such as T cells engineered with chimeric antigen receptors (CARs), have the potential to cure patients of disease otherwise refractory to conventional treatments.  Early-on-treatment and long-term durability of patient responses depend critically on the ability to control ....;Lena Gamboa ...  Gabriel A Kwong;2020-03-24;8.02;0.14;Theranostics
" ""AAV"" AND ""immunogenicity""";The role of hypoxia-inducible factors in neovascular age-related macular degeneration: a gene therapy perspective.;https://ncbi.nlm.nih.gov/pubmed/31893312;Understanding the mechanisms that underlie age-related macular degeneration (AMD) has led to the identification of key molecules.  Hypoxia-inducible transcription factors (HIFs) have been associated with choroidal neovascularization and the progression of AMD into the neovascular clinical phenotype  ....;Parviz Mammadzada ...  Helder André;2020-01-01;7.03;0.14;Cell. Mol. Life Sci.
" ""AAV"" AND ""immunogenicity""";Peptide-Based Vaccines: Current Progress and Future Challenges.;https://ncbi.nlm.nih.gov/pubmed/31804810;Vaccines have had a profound impact on the management and prevention of infectious disease.  In addition, the development of vaccines against chronic diseases has attracted considerable interest as an approach to prevent, rather than treat, conditions such as cancer, Alzheimer's disease, and others.;Ryan J Malonis ...  Olivia Vergnolle;2019-12-05;52.85;0.14;Chem. Rev.
" ""AAV"" AND ""immunogenicity""";Advances in Vaccines.;https://ncbi.nlm.nih.gov/pubmed/31446443;Vaccines represent one of the most important advances in science and medicine, helping people around the world in preventing the spread of infectious diseases.  However, there are still gaps in vaccination programs in many countries.;Helen H Mao ...  Shoubai Chao;2019-08-25;19.88;0.14;Adv. Biochem. Eng. Biotechnol.
" ""AAV"" AND ""immunogenicity""";Regulation of cGAS-Mediated Immune Responses and Immunotherapy.;https://ncbi.nlm.nih.gov/pubmed/32195086;Early detection of infectious nucleic acids released from invading pathogens by the innate immune system is critical for immune defense.  Detection of these nucleic acids by host immune sensors and regulation of DNA sensing pathways have been significant interests in the past years.;Abdullah F U H Saeed ...  Songying Ouyang;2020-03-20;13.98;0.14;Adv Sci (Weinh)
" ""AAV"" AND ""immunogenicity""";An engineered oncolytic virus expressing PD-L1 inhibitors activates tumor neoantigen-specific T cell responses.;https://ncbi.nlm.nih.gov/pubmed/32170083;Oncolytic viruses offer an in situ vaccination approach to activate tumor-specific T cell responses.  However, the upregulation of PD-L1 expression on tumor cells and immune cells leads to tumor resistance to oncolytic immunotherapy.;Guan Wang ...  Si-Yi Chen;2020-03-14;11.80;0.14;Nat Commun
" ""AAV"" AND ""immunogenicity""";Disruption of the HIV-1 Envelope allosteric network blocks CD4-induced rearrangements.;https://ncbi.nlm.nih.gov/pubmed/31980614;The trimeric HIV-1 Envelope protein (Env) mediates viral-host cell fusion via a network of conformational transitions, with allosteric elements in each protomer orchestrating host receptor-induced exposure of the co-receptor binding site and fusion elements.  To understand the molecular details of t ....;Rory Henderson ...  S Munir Alam;2020-01-25;11.80;0.14;Nat Commun
" ""AAV"" AND ""immunogenicity""";Advances in therapeutic applications of extracellular vesicles.;https://ncbi.nlm.nih.gov/pubmed/31092696;Extracellular vesicles (EVs) are nanometer-sized, lipid membrane-enclosed vesicles secreted by most, if not all, cells and contain lipids, proteins, and various nucleic acid species of the source cell.  EVs act as important mediators of intercellular communication that influence both physiological a ....;Oscar P B Wiklander ...  Samir El Andaloussi;2019-05-16;11.64;0.14;Sci Transl Med
" ""AAV"" AND ""immunogenicity""";Emerging role of tumor-related functional peptides encoded by lncRNA and circRNA.;https://ncbi.nlm.nih.gov/pubmed/32019587;Non-coding RNAs do not encode proteins and regulate various oncological processes.  They are also important potential cancer diagnostic and prognostic biomarkers.;Pan Wu ...  Wei Xiong;2020-02-05;11.35;0.14;Mol. Cancer
" ""AAV"" AND ""immunogenicity""";Novel Therapies for Prevention and Early Treatment of Cardiomyopathies.;https://ncbi.nlm.nih.gov/pubmed/31120825;Heritable cardiomyopathies are a class of heart diseases caused by variations in a number of genetic loci.  Genetic variants on one allele lead to either a degraded protein, which causes a haploinsufficiency of that protein, or a nonfunctioning protein that subverts the molecular system within which ....;Giuliana G Repetti ...  Christine E Seidman;2019-05-23;10.57;0.14;Circ. Res.
" ""AAV"" AND ""immunogenicity""";Preclinical and Clinical Development of Noncoding RNA Therapeutics for Cardiovascular Disease.;https://ncbi.nlm.nih.gov/pubmed/32105576;RNA modulation has become a promising therapeutic approach for the treatment of several types of disease.  The emerging field of noncoding RNA-based therapies has now come to the attention of cardiovascular research, in which it could provide valuable advancements in comparison to current pharmacoth ....;Cheng-Kai Huang ...  Thomas Thum;2020-02-27;10.57;0.14;Circ. Res.
"""cystic fibrosis"" and ""editing"" OR ""therapy"" OR ""therapies""";Computational Design of ACE2-Based Peptide Inhibitors of SARS-CoV-2.;https://ncbi.nlm.nih.gov/pubmed/32286790;Peptide inhibitors against the SARS-CoV-2 coronavirus, currently causing a worldwide pandemic, are designed and simulated.  The inhibitors are mostly formed by two sequential self-supporting α-helices (bundle) extracted from the protease domain (PD) of angiotensin-converting enzyme 2 (ACE2), which b ....;Yanxiao Han ...  Petr Král;2020-04-14;13.70;0.14;ACS Nano
"""cystic fibrosis"" and ""editing"" OR ""therapy"" OR ""therapies""";Access to Office-Based Buprenorphine Treatment in Areas With High Rates of Opioid-Related Mortality: An Audit Study.;https://ncbi.nlm.nih.gov/pubmed/31158849;"Background: Improving access to treatment for opioid use disorder is a national priority, but little is known about the barriers encountered by patients seeking buprenorphine-naloxone (""buprenorphine"") treatment. 
Objective: To assess real-world access to buprenorphine treatment for uninsured or Med ....";Tamara Beetham ...  Michael L Barnett;2019-06-03;11.75;0.14;Ann. Intern. Med.
" ""cardiac"" AND ""gene therapy""";Interference with ERK-dimerization at the nucleocytosolic interface targets pathological ERK1/2 signaling without cardiotoxic side-effects.;https://ncbi.nlm.nih.gov/pubmed/32265441;Dysregulation of extracellular signal-regulated kinases (ERK1/2) is linked to several diseases including heart failure, genetic syndromes and cancer.  Inhibition of ERK1/2, however, can cause severe cardiac side-effects, precluding its wide therapeutic application.;Angela Tomasovic ...  Kristina Lorenz;2020-04-08;11.80;0.29;Nat Commun
" ""cardiac"" AND ""gene therapy""";Cardioprotective effect of sonic hedgehog ligand in pig models of ischemia reperfusion.;https://ncbi.nlm.nih.gov/pubmed/32226535;Sonic hedgehog (SHH) signaling pathway is involved in embryonic tissue patterning and development.  Our previous work identified, in small rodent model of ischemia reperfusion, SHH as a specific efficient tool to reduce infarct size and subsequent arrhythmias by preventing ventricular repolarization ....;Bijan Ghaleh ...  Alain Lacampagne;2020-03-31;8.02;0.14;Theranostics
" ""cardiac"" AND ""gene therapy""";Extracellular superoxide dismutase, a molecular transducer of health benefits of exercise.;https://ncbi.nlm.nih.gov/pubmed/32220789;Extracellular superoxide dismutase (EcSOD) is the only extracellular scavenger of superoxide anion (O;Zhen Yan ...  Hannah R Spaulding;2020-03-29;7.77;0.14;Redox Biol
" ""cardiac"" AND ""gene therapy""";Meta-Analysis of Nanoparticle Delivery to Tumors Using a Physiologically Based Pharmacokinetic Modeling and Simulation Approach.;https://ncbi.nlm.nih.gov/pubmed/32078303;Numerous studies have engineered nanoparticles with different physicochemical properties to enhance the delivery efficiency to solid tumors, yet the mean and median delivery efficiencies are only 1. 48% and 0.;Yi-Hsien Cheng ...  Zhoumeng Lin;2020-02-22;13.70;0.14;ACS Nano
" ""cardiac"" AND ""gene therapy""";Advances in therapeutic applications of extracellular vesicles.;https://ncbi.nlm.nih.gov/pubmed/31092696;Extracellular vesicles (EVs) are nanometer-sized, lipid membrane-enclosed vesicles secreted by most, if not all, cells and contain lipids, proteins, and various nucleic acid species of the source cell.  EVs act as important mediators of intercellular communication that influence both physiological a ....;Oscar P B Wiklander ...  Samir El Andaloussi;2019-05-16;11.64;0.14;Sci Transl Med
" ""cardiac"" AND ""gene therapy""";Counter-regulatory renin-angiotensin system in cardiovascular disease.;https://ncbi.nlm.nih.gov/pubmed/31427727;The renin-angiotensin system is an important component of the cardiovascular system.  Mounting evidence suggests that the metabolic products of angiotensin I and II - initially thought to be biologically inactive - have key roles in cardiovascular physiology and pathophysiology.;Maria Paz Ocaranza ...  Sergio Lavandero;2019-08-20;11.51;0.14;Nat Rev Cardiol
" ""cardiac"" AND ""gene therapy""";Novel Therapies for Prevention and Early Treatment of Cardiomyopathies.;https://ncbi.nlm.nih.gov/pubmed/31120825;Heritable cardiomyopathies are a class of heart diseases caused by variations in a number of genetic loci.  Genetic variants on one allele lead to either a degraded protein, which causes a haploinsufficiency of that protein, or a nonfunctioning protein that subverts the molecular system within which ....;Giuliana G Repetti ...  Christine E Seidman;2019-05-23;10.57;0.14;Circ. Res.
"""regulatory t cell"" AND ""therapy""";Oncolytic vaccinia virus delivering tethered IL-12 enhances antitumor effects with improved safety.;https://ncbi.nlm.nih.gov/pubmed/32209602;"Immune checkpoint blockade is arguably the most effective current cancer therapy approach; however, its efficacy is limited to patients with ""hot"" tumors, warranting an effective approach to transform ""cold"" tumors.  Oncolytic viruses (especially properly armed ones) have positive effects on almost  ....";Yan Ge ...  David L Bartlett;2020-03-26;8.66;0.29;J Immunother Cancer
"""regulatory t cell"" AND ""therapy""";Interleukin-2 druggability is modulated by global conformational transitions controlled by a helical capping switch.;https://ncbi.nlm.nih.gov/pubmed/32184322;Interleukin-2 (IL-2) is a small α-helical cytokine that regulates immune cell homeostasis through its recruitment to a high-affinity heterotrimeric receptor complex (IL-2Rα/IL-2Rβ/γ;Viviane S De Paula ...  Nikolaos G Sgourakis;2020-03-18;9.35;0.14;Proc. Natl. Acad. Sci. U.S.A.
"""regulatory t cell"" AND ""therapy""";Immune regulation and cytotoxic T cell activation of IL-10 agonists - Preclinical and clinical experience.;https://ncbi.nlm.nih.gov/pubmed/31706853;The expansion and activation of tumor antigen reactive CD8;Martin Oft;2019-11-10;7.12;0.14;Semin. Immunol.
"""regulatory t cell"" AND ""therapy""";The emerging role of galectins in (re)myelination and its potential for developing new approaches to treat multiple sclerosis.;https://ncbi.nlm.nih.gov/pubmed/31628495;Multiple sclerosis (MS) is an inflammatory, demyelinating and neurodegenerative disease of the central nervous system with unknown etiology.  Currently approved disease-modifying treatment modalities are immunomodulatory or immunosuppressive.;Charlotte G H M de Jong ...  Wia Baron;2019-10-19;7.03;0.14;Cell. Mol. Life Sci.
"""regulatory t cell"" AND ""therapy""";High-salt diet inhibits tumour growth in mice via regulating myeloid-derived suppressor cell differentiation.;https://ncbi.nlm.nih.gov/pubmed/32265505;High-salt diets are associated with an elevated risk of autoimmune diseases, and immune dysregulation plays a key role in cancer development.  However, the correlation between high-salt diets (HSD) and cancer development remains unclear.;Wei He ...  Lei Dong;2020-04-08;11.80;0.14;Nat Commun
"""regulatory t cell"" AND ""therapy""";TGFβ suppresses CD8;https://ncbi.nlm.nih.gov/pubmed/32273499;Transforming growth factor beta (TGFβ) is a multipotent immunosuppressive cytokine.  TGFβ excludes immune cells from tumors, and TGFβ inhibition improves the efficacy of cytotoxic and immune therapies.;Andrew J Gunderson ...  Kristina H Young;2020-04-10;11.80;0.14;Nat Commun
"""regulatory t cell"" AND ""therapy""";Integrative -omics and HLA-ligandomics analysis to identify novel drug targets for ccRCC immunotherapy.;https://ncbi.nlm.nih.gov/pubmed/32228647;BACKGROUND: Clear cell renal cell carcinoma (ccRCC) is the dominant subtype of renal cancer.  With currently available therapies, cure of advanced and metastatic ccRCC is achieved only in rare cases.;Anna Reustle ...  Elke Schaeffeler;2020-04-01;10.47;0.14;Genome Med
"""Sickle cell"" AND ""CRISPR""";Advances in CRISPR/Cas-based Gene Therapy in Human Genetic Diseases.;https://ncbi.nlm.nih.gov/pubmed/32292501;CRISPR/Cas genome editing is a simple, cost effective, and highly specific technique for introducing genetic variations.  In mammalian cells, CRISPR/Cas can facilitate non-homologous end joining, homology- directed repair, and single-base exchanges.;Shao-Shuai Wu ...  Chun-Qing Song;2020-04-15;8.02;0.57;Theranostics
"""Sickle cell"" AND ""CRISPR""";Editing a γ-globin repressor binding site restores fetal hemoglobin synthesis and corrects the sickle cell disease phenotype.;https://ncbi.nlm.nih.gov/pubmed/32095533;Sickle cell disease (SCD) is caused by a single amino acid change in the adult hemoglobin (Hb) β chain that causes Hb polymerization and red blood cell (RBC) sickling.  The co-inheritance of mutations causing fetal γ-globin production in adult life hereditary persistence of fetal Hb (HPFH) reduces t ....;Leslie Weber ...  Annarita Miccio;2020-02-25;12.53;0.57;Sci Adv
"""Sickle cell"" AND ""CRISPR""";Interrogation of enhancer function by enhancer-targeting CRISPR epigenetic editing.;https://ncbi.nlm.nih.gov/pubmed/31980609;Tissue-specific gene expression requires coordinated control of gene-proximal and -distal cis-regulatory elements (CREs), yet functional analysis of gene-distal CREs such as enhancers remains challenging.  Here we describe CRISPR/dCas9-based enhancer-targeting epigenetic editing systems, enCRISPRa a ....;Kailong Li ...  Jian Xu;2020-01-25;11.80;0.57;Nat Commun
"""Sickle cell"" AND ""CRISPR""";Detection of Marker-Free Precision Genome Editing and Genetic Variation through the Capture of Genomic Signatures.;https://ncbi.nlm.nih.gov/pubmed/32160537;Genome editing technologies have transformed our ability to engineer desired genomic changes within living systems.  However, detecting precise genomic modifications often requires sophisticated, expensive, and time-consuming experimental approaches.;Pierre Billon ...  Alberto Ciccia;2020-03-11;7.70;0.29;Cell Rep
"""Sickle cell"" AND ""CRISPR""";Disruption of the MBD2-NuRD complex but not MBD3-NuRD induces high level HbF expression in human adult erythroid cells.;https://ncbi.nlm.nih.gov/pubmed/31004025;As high fetal hemoglobin levels ameliorate the underlying pathophysiological defects in sickle cell anemia and beta (β)-thalassemia, understanding the mechanisms that enforce silencing of fetal hemoglobin postnatally offers the promise of effective molecular therapy.  Depletion of the Nucleosome Rem ....;Xiaofei Yu ...  Gordon D Ginder;2019-04-20;7.53;0.29;Haematologica
"""Sickle cell"" AND ""CRISPR""";Monkeys mutant for PKD1 recapitulate human autosomal dominant polycystic kidney disease.;https://ncbi.nlm.nih.gov/pubmed/31822676;Autosomal dominant polycystic kidney disease (ADPKD) caused by PKD1 mutations is one of the most common hereditary disorders.  However, the key pathological processes underlying cyst development and exacerbation in pre-symptomatic stages remain unknown, because rodent models do not recapitulate crit ....;Tomoyuki Tsukiyama ...  Masatsugu Ema;2019-12-11;11.80;0.29;Nat Commun
"""Sickle cell"" AND ""CRISPR""";Divalent cations promote TALE DNA-binding specificity.;https://ncbi.nlm.nih.gov/pubmed/31863586;Recent advances in gene editing have been enabled by programmable nucleases such as transcription activator-like effector nucleases (TALENs) and CRISPR-Cas9.  However, several open questions remain regarding the molecular machinery in these systems, including fundamental search and binding behavior  ....;Luke Cuculis ...  Charles M Schroeder;2019-12-21;11.14;0.29;Nucleic Acids Res.
"""Sickle cell"" AND ""CRISPR""";LSD1/KDM1A inhibitors in clinical trials: advances and prospects.;https://ncbi.nlm.nih.gov/pubmed/31801559;Histone demethylase LSD1 plays key roles during carcinogenesis, targeting LSD1 is becoming an emerging option for the treatment of cancers.  Numerous LSD1 inhibitors have been reported to date, some of them such as TCP, ORY-1001, GSK-2879552, IMG-7289, INCB059872, CC-90011, and ORY-2001 currently un ....;Yuan Fang ...  Bin Yu;2019-12-05;8.71;0.14;J Hematol Oncol
"""Sickle cell"" AND ""CRISPR""";Enhancement of LIN28B-induced hematopoietic reprogramming by IGF2BP3.;https://ncbi.nlm.nih.gov/pubmed/31221665;Fetal hematopoietic stem and progenitor cells (HSPCs) hold promise to cure a wide array of hematological diseases, and we previously found a role for the RNA-binding protein (RBP) Lin28b in respecifying adult HSPCs to resemble their fetal counterparts.  Here we show by single-cell RNA sequencing tha ....;Saifeng Wang ...  Stefan A Muljo;2019-06-21;8.23;0.14;Genes Dev.
"""Sickle cell"" AND ""CRISPR""";APOL1 C-Terminal Variants May Trigger Kidney Disease through Interference with APOL3 Control of Actomyosin.;https://ncbi.nlm.nih.gov/pubmed/32187552;The C-terminal variants G1 and G2 of apolipoprotein L1 (APOL1) confer human resistance to the sleeping sickness parasite Trypanosoma rhodesiense, but they also increase the risk of kidney disease.  APOL1 and APOL3 are death-promoting proteins that are partially associated with the endoplasmic reticu ....;Sophie Uzureau ...  Etienne Pays;2020-03-18;7.70;0.14;Cell Rep
"""Sickle cell"" AND ""CRISPR""";CRISPR/Cas9-mediated ;https://ncbi.nlm.nih.gov/pubmed/31248972;A Autosomal-dominant ;Masoud Nasri ...  Julia Skokowa;2019-06-29;7.53;0.14;Haematologica
"""Sickle cell"" AND ""CRISPR""";Generation of mesenchyme free intestinal organoids from human induced pluripotent stem cells.;https://ncbi.nlm.nih.gov/pubmed/31924806;Efficient generation of human induced pluripotent stem cell (hiPSC)-derived human intestinal organoids (HIOs) would facilitate the development of in vitro models for a variety of diseases that affect the gastrointestinal tract, such as inflammatory bowel disease or Cystic Fibrosis.  Here, we report  ....;Aditya Mithal ...  Gustavo Mostoslavsky;2020-01-11;11.80;0.14;Nat Commun
"""Sickle cell"" AND ""CRISPR""";Advances in omics-based methods to identify novel targets for malaria and other parasitic protozoan infections.;https://ncbi.nlm.nih.gov/pubmed/31640748;A major advance in antimalarial drug discovery has been the shift towards cell-based phenotypic screening, with notable progress in the screening of compounds against the asexual blood stage, liver stage, and gametocytes.  A primary method for drug target deconvolution in Plasmodium falciparum is in ....;Annie N Cowell ...  Elizabeth A Winzeler;2019-10-23;10.47;0.14;Genome Med
"""Sickle cell"" AND ""CRISPR""";Ribonucleotide reductase inhibitors suppress SAMHD1 ara-CTPase activity enhancing cytarabine efficacy.;https://ncbi.nlm.nih.gov/pubmed/31950591;The deoxycytidine analogue cytarabine (ara-C) remains the backbone treatment of acute myeloid leukaemia (AML) as well as other haematological and lymphoid malignancies, but must be combined with other chemotherapeutics to achieve cure.  Yet, the underlying mechanism dictating synergistic efficacy of ....;Sean G Rudd ...  Nikolas Herold;2020-01-17;10.28;0.14;EMBO Mol Med
"""Triple negative breast cancer"" AND ""therapy""";Transcriptional suppression of AMPKα1 promotes breast cancer metastasis upon oncogene activation.;https://ncbi.nlm.nih.gov/pubmed/32193335;AMP-activated protein kinase (AMPK) functions as an energy sensor and is pivotal in maintaining cellular metabolic homeostasis.  Numerous studies have shown that down-regulation of AMPK kinase activity or protein stability not only lead to abnormality of metabolism but also contribute to tumor devel ....;Yong Yi ...  Zhi-Xiong Jim Xiao;2020-03-20;9.35;0.14;Proc. Natl. Acad. Sci. U.S.A.
"""Triple negative breast cancer"" AND ""therapy""";Targeted inhibition of gut bacterial β-glucuronidase activity enhances anticancer drug efficacy.;https://ncbi.nlm.nih.gov/pubmed/32170007;Irinotecan treats a range of solid tumors, but its effectiveness is severely limited by gastrointestinal (GI) tract toxicity caused by gut bacterial β-glucuronidase (GUS) enzymes.  Targeted bacterial GUS inhibitors have been shown to partially alleviate irinotecan-induced GI tract damage and resulta ....;Aadra P Bhatt ...  Matthew R Redinbo;2020-03-14;9.35;0.14;Proc. Natl. Acad. Sci. U.S.A.
"""Triple negative breast cancer"" AND ""therapy""";High-salt diet inhibits tumour growth in mice via regulating myeloid-derived suppressor cell differentiation.;https://ncbi.nlm.nih.gov/pubmed/32265505;High-salt diets are associated with an elevated risk of autoimmune diseases, and immune dysregulation plays a key role in cancer development.  However, the correlation between high-salt diets (HSD) and cancer development remains unclear.;Wei He ...  Lei Dong;2020-04-08;11.80;0.14;Nat Commun
"""Triple negative breast cancer"" AND ""therapy""";Acetylation of MORC2 by NAT10 regulates cell-cycle checkpoint control and resistance to DNA-damaging chemotherapy and radiotherapy in breast cancer.;https://ncbi.nlm.nih.gov/pubmed/32112098;MORC family CW-type zinc finger 2 (MORC2) is an oncogenic chromatin-remodeling enzyme with an emerging role in DNA repair.  Here, we report a novel function for MORC2 in cell-cycle checkpoint control through an acetylation-dependent mechanism.;Hong-Yi Liu ...  Da-Qiang Li;2020-02-29;11.14;0.14;Nucleic Acids Res.
"""Triple negative breast cancer"" AND ""therapy""";DriverDBv3: a multi-omics database for cancer driver gene research.;https://ncbi.nlm.nih.gov/pubmed/31701128;An integrative multi-omics database is needed urgently, because focusing only on analysis of one-dimensional data falls far short of providing an understanding of cancer.  Previously, we presented DriverDB, a cancer driver gene database that applies published bioinformatics algorithms to identify dr ....;Shu-Hsuan Liu ...  Wei-Chung Cheng;2019-11-08;11.14;0.14;Nucleic Acids Res.
"""Checkpoint inhibitor"" and ""resistance""";Drug repurposing for breast cancer therapy: Old weapon for new battle.;https://ncbi.nlm.nih.gov/pubmed/31550502;Despite tremendous resources being invested in prevention and treatment, breast cancer remains a leading cause of cancer deaths in women globally.  The available treatment modalities are very costly and produces severe side effects.;Sadhna Aggarwal ...  Subash Chandra Gupta;2019-09-24;8.75;0.14;Semin. Cancer Biol.
"""Checkpoint inhibitor"" and ""resistance""";Next-generation immuno-oncology agents: current momentum shifts in cancer immunotherapy.;https://ncbi.nlm.nih.gov/pubmed/32245497;Cancer immunotherapy has reached a critical point, now that immune checkpoint inhibitors and two CAR-T products have received market approval in treating 16 types of cancers and 1 tissue-agnostic cancer indication.  Accompanying these advances, the 2018 Nobel Prize was awarded for the discovery of i ....;Chongxian Pan ...  Lei Zheng;2020-04-04;8.71;0.14;J Hematol Oncol
"""Checkpoint inhibitor"" and ""resistance""";Oncolytic vaccinia virus delivering tethered IL-12 enhances antitumor effects with improved safety.;https://ncbi.nlm.nih.gov/pubmed/32209602;"Immune checkpoint blockade is arguably the most effective current cancer therapy approach; however, its efficacy is limited to patients with ""hot"" tumors, warranting an effective approach to transform ""cold"" tumors.  Oncolytic viruses (especially properly armed ones) have positive effects on almost  ....";Yan Ge ...  David L Bartlett;2020-03-26;8.66;0.14;J Immunother Cancer
"""Checkpoint inhibitor"" and ""resistance""";Immune regulation and cytotoxic T cell activation of IL-10 agonists - Preclinical and clinical experience.;https://ncbi.nlm.nih.gov/pubmed/31706853;The expansion and activation of tumor antigen reactive CD8;Martin Oft;2019-11-10;7.12;0.14;Semin. Immunol.
"""Checkpoint inhibitor"" and ""resistance""";Peptide-Based Vaccines: Current Progress and Future Challenges.;https://ncbi.nlm.nih.gov/pubmed/31804810;Vaccines have had a profound impact on the management and prevention of infectious disease.  In addition, the development of vaccines against chronic diseases has attracted considerable interest as an approach to prevent, rather than treat, conditions such as cancer, Alzheimer's disease, and others.;Ryan J Malonis ...  Olivia Vergnolle;2019-12-05;52.85;0.14;Chem. Rev.
"""Checkpoint inhibitor"" and ""resistance""";High-salt diet inhibits tumour growth in mice via regulating myeloid-derived suppressor cell differentiation.;https://ncbi.nlm.nih.gov/pubmed/32265505;High-salt diets are associated with an elevated risk of autoimmune diseases, and immune dysregulation plays a key role in cancer development.  However, the correlation between high-salt diets (HSD) and cancer development remains unclear.;Wei He ...  Lei Dong;2020-04-08;11.80;0.14;Nat Commun
"""Checkpoint inhibitor"" and ""resistance""";4-1BB Delineates Distinct Activation Status of Exhausted Tumor-Infiltrating CD8;https://ncbi.nlm.nih.gov/pubmed/31353502;"BACKGROUND AND AIMS: Targeting costimulatory receptors with agonistic antibodies is a promising cancer immunotherapy option.  We aimed to investigate costimulatory receptor expression, particularly 4-1BB (CD137 or tumor necrosis factor receptor superfamily member 9), on tumor-infiltrating CD8
APPROA ....";Hyung-Don Kim ...  Su-Hyung Park;2019-07-29;11.34;0.14;Hepatology
"""Checkpoint inhibitor"" and ""resistance""";Burden of tumor mutations, neoepitopes, and other variants are weak predictors of cancer immunotherapy response and overall survival.;https://ncbi.nlm.nih.gov/pubmed/32228719;"BACKGROUND: Tumor mutational burden (TMB; the quantity of aberrant nucleotide sequences a given tumor may harbor) has been associated with response to immune checkpoint inhibitor therapy and is gaining broad acceptance as a result.  However, TMB harbors intrinsic variability across cancer types, and ....";Mary A Wood ...  Reid F Thompson;2020-04-01;10.47;0.14;Genome Med
"""Checkpoint inhibitor"" and ""resistance""";Integrative -omics and HLA-ligandomics analysis to identify novel drug targets for ccRCC immunotherapy.;https://ncbi.nlm.nih.gov/pubmed/32228647;BACKGROUND: Clear cell renal cell carcinoma (ccRCC) is the dominant subtype of renal cancer.  With currently available therapies, cure of advanced and metastatic ccRCC is achieved only in rare cases.;Anna Reustle ...  Elke Schaeffeler;2020-04-01;10.47;0.14;Genome Med
"""Covid-19"" OR ""SARS-CoV-2""";Computational Design of ACE2-Based Peptide Inhibitors of SARS-CoV-2.;https://ncbi.nlm.nih.gov/pubmed/32286790;Peptide inhibitors against the SARS-CoV-2 coronavirus, currently causing a worldwide pandemic, are designed and simulated.  The inhibitors are mostly formed by two sequential self-supporting α-helices (bundle) extracted from the protease domain (PD) of angiotensin-converting enzyme 2 (ACE2), which b ....;Yanxiao Han ...  Petr Král;2020-04-14;13.70;0.71;ACS Nano
"""Exosome""";Melatonin alleviates vascular calcification and ageing through exosomal miR-204/miR-211 cluster in a paracrine manner.;https://ncbi.nlm.nih.gov/pubmed/31943334;In the elderly with atherosclerosis, hypertension and diabetes, vascular calcification and ageing are ubiquitous.  Melatonin (MT) has been demonstrated to impact the cardiovascular system.;Feng Xu ...  Ling-Qing Yuan;2020-01-16;15.20;0.43;J. Pineal Res.
"""Exosome""";Tumor circulome in the liquid biopsies for cancer diagnosis and prognosis.;https://ncbi.nlm.nih.gov/pubmed/32292514;Liquid biopsy is a convenient, fast, non-invasive and reproducible sampling method that can dynamically reflect the changes in tumor gene expression profile, and provide a robust basis for individualized therapy and early diagnosis of cancer.  Circulating tumor DNA (ctDNA) and circulating tumor cell ....;Jicheng Wu ...  Ben Wang;2020-04-15;8.02;0.14;Theranostics
"""Exosome""";Loss of Human TGS1 Hypermethylase Promotes Increased Telomerase RNA and Telomere Elongation.;https://ncbi.nlm.nih.gov/pubmed/32023455;Biogenesis of the human telomerase RNA (hTR) involves a complex series of posttranscriptional modifications, including hypermethylation of the 5' mono-methylguanosine cap to a tri-methylguanosine cap (TMG).  How the TMG cap affects hTR maturation is unknown.;Lu Chen ...  Grazia D Raffa;2020-02-05;7.70;0.14;Cell Rep
"""Exosome""";Glioma-Derived miRNA-Containing Extracellular Vesicles Induce Angiogenesis by Reprogramming Brain Endothelial Cells.;https://ncbi.nlm.nih.gov/pubmed/32075753;Glioblastoma (GBM) is characterized by aberrant vascularization and a complex tumor microenvironment.  The failure of anti-angiogenic therapies suggests pathways of GBM neovascularization, possibly attributable to glioblastoma stem cells (GSCs) and their interplay with the tumor microenvironment.;Rocco Lucero ...  Aleksandar Milosavljevic;2020-02-22;7.70;0.14;Cell Rep
"""Exosome""";Nuclear Ccr4-Not mediates the degradation of telomeric and transposon transcripts at chromatin in the Drosophila germline.;https://ncbi.nlm.nih.gov/pubmed/31724732;Ccr4-Not is a highly conserved complex involved in cotranscriptional RNA surveillance pathways in yeast.  In Drosophila, Ccr4-Not is linked to the translational repression of miRNA targets and the posttranscriptional control of maternal mRNAs during oogenesis and embryonic development.;Maria Kordyukova ...  Alla Kalmykova;2019-11-14;11.14;0.14;Nucleic Acids Res.
"""Exosome""";Incorporation and influence of Leishmania histone H3 in chromatin.;https://ncbi.nlm.nih.gov/pubmed/31722422;Immunopathologies caused by Leishmania cause severe human morbidity and mortality.  This protozoan parasite invades and persists inside host cells, resulting in disease development.;Mariko Dacher ...  Hitoshi Kurumizaka;2019-11-13;11.14;0.14;Nucleic Acids Res.
"""Exosome""";Database Resources of the National Genomics Data Center in 2020.;https://ncbi.nlm.nih.gov/pubmed/31702008;The National Genomics Data Center (NGDC) provides a suite of database resources to support worldwide research activities in both academia and industry.  With the rapid advancements in higher-throughput and lower-cost sequencing technologies and accordingly the huge volume of multi-omics data generat ....;None None;2019-11-08;11.14;0.14;Nucleic Acids Res.
"""Exosome""";Pol5 is required for recycling of small subunit biogenesis factors and for formation of the peptide exit tunnel of the large ribosomal subunit.;https://ncbi.nlm.nih.gov/pubmed/31745560;More than 200 assembly factors (AFs) are required for the production of ribosomes in yeast.  The stepwise association and dissociation of these AFs with the pre-ribosomal subunits occurs in a hierarchical manner to ensure correct maturation of the pre-rRNAs and assembly of the ribosomal proteins.;Christina M Braun ...  Jorge Perez-Fernandez;2019-11-20;11.14;0.14;Nucleic Acids Res.
"""Exosome""";The mRNA repressor TRIM71 cooperates with Nonsense-Mediated Decay factors to destabilize the mRNA of CDKN1A/p21.;https://ncbi.nlm.nih.gov/pubmed/31732746;Nonsense-mediated decay (NMD) plays a fundamental role in the degradation of premature termination codon (PTC)-containing transcripts, but also regulates the expression of functional transcripts lacking PTCs, although such 'non-canonical' functions remain ill-defined and require the identification o ....;Lucia A Torres-Fernández ...  Waldemar Kolanus;2019-11-16;11.14;0.14;Nucleic Acids Res.
"""Exosome""";Synergistic defects in pre-rRNA processing from mutations in the U3-specific protein Rrp9 and U3 snoRNA.;https://ncbi.nlm.nih.gov/pubmed/31996908;U3 snoRNA and the associated Rrp9/U3-55K protein are essential for 18S rRNA production by the SSU-processome complex.  U3 and Rrp9 are required for early pre-rRNA cleavages at sites A0, A1 and A2, but the mechanism remains unclear.;Guillaume Clerget ...  Mathieu Rederstorff;2020-01-30;11.14;0.14;Nucleic Acids Res.
"""Exosome""";Proteotoxic stress promotes entrapment of ribosomes and misfolded proteins in a shared cytosolic compartment.;https://ncbi.nlm.nih.gov/pubmed/32030400;Cells continuously monitor protein synthesis to prevent accumulation of aberrant polypeptides.  Insufficient capacity of cellular degradative systems, chaperone shortage or high levels of mistranslation by ribosomes can result in proteotoxic stress and endanger proteostasis.;Arnab Ghosh ...  Natalia Shcherbik;2020-02-07;11.14;0.14;Nucleic Acids Res.
"""Exosome""";Small extracellular vesicles from human adipose-derived stem cells attenuate cartilage degeneration.;https://ncbi.nlm.nih.gov/pubmed/32284824;Osteoarthritis (OA) is a chronic degenerative disease of articular cartilage that is the most common joint disease worldwide.  Mesenchymal stem cells (MSCs) have been the most extensively explored for the treatment of OA.;Chang Hee Woo ...  Yong Woo Cho;2020-04-14;10.65;0.14;J Extracell Vesicles
"""Nanoparticle delivery"" OR ""non-viral delivery""";Meta-Analysis of Nanoparticle Delivery to Tumors Using a Physiologically Based Pharmacokinetic Modeling and Simulation Approach.;https://ncbi.nlm.nih.gov/pubmed/32078303;Numerous studies have engineered nanoparticles with different physicochemical properties to enhance the delivery efficiency to solid tumors, yet the mean and median delivery efficiencies are only 1. 48% and 0.;Yi-Hsien Cheng ...  Zhoumeng Lin;2020-02-22;13.70;0.43;ACS Nano
"""Nanoparticle delivery"" OR ""non-viral delivery""";Tuned near infrared fluorescent hyaluronic acid conjugates for delivery to pancreatic cancer for intraoperative imaging.;https://ncbi.nlm.nih.gov/pubmed/32206099;The prognosis of pancreatic cancer remains poor.  Intraoperative fluorescence imaging of tumors could improve staging and surgical resection, thereby improving prognosis.;Bowen Qi ...  Aaron M Mohs;2020-03-24;8.02;0.14;Theranostics
"""Nanoparticle delivery"" OR ""non-viral delivery""";Stimuli-responsive nanocarriers for drug delivery, tumor imaging, therapy and theranostics.;https://ncbi.nlm.nih.gov/pubmed/32292515;In recent years, much progress has been motivated in stimuli-responsive nanocarriers, which could response to the intrinsic physicochemical and pathological factors in diseased regions to increase the specificity of drug delivery.  Currently, numerous nanocarriers have been engineered with physicoch ....;Peng Mi;2020-04-15;8.02;0.14;Theranostics
"""Nanoparticle delivery"" OR ""non-viral delivery""";Advances in CRISPR/Cas-based Gene Therapy in Human Genetic Diseases.;https://ncbi.nlm.nih.gov/pubmed/32292501;CRISPR/Cas genome editing is a simple, cost effective, and highly specific technique for introducing genetic variations.  In mammalian cells, CRISPR/Cas can facilitate non-homologous end joining, homology- directed repair, and single-base exchanges.;Shao-Shuai Wu ...  Chun-Qing Song;2020-04-15;8.02;0.14;Theranostics
"""Nanoparticle delivery"" OR ""non-viral delivery""";Detection of Marker-Free Precision Genome Editing and Genetic Variation through the Capture of Genomic Signatures.;https://ncbi.nlm.nih.gov/pubmed/32160537;Genome editing technologies have transformed our ability to engineer desired genomic changes within living systems.  However, detecting precise genomic modifications often requires sophisticated, expensive, and time-consuming experimental approaches.;Pierre Billon ...  Alberto Ciccia;2020-03-11;7.70;0.14;Cell Rep
"""Nanoparticle delivery"" OR ""non-viral delivery""";A CXCR4-targeted nanocarrier achieves highly selective tumor uptake in diffuse large B-cell lymphoma mouse models.;https://ncbi.nlm.nih.gov/pubmed/31248974;One-third of diffuse large B-cell lymphoma patients are refractory to initial treatment or relapse after rituximab plus cyclophosphamide, doxorubicin, vincristine and prednisone chemotherapy.  In these patients, CXCR4 overexpression (CXCR4.;Aïda Falgàs ...  Isolda Casanova;2019-06-29;7.53;0.14;Haematologica
"""Nanoparticle delivery"" OR ""non-viral delivery""";Nanoparticle Drug Delivery Systems for α-Mangostin.;https://ncbi.nlm.nih.gov/pubmed/32280205;α-Mangostin, a xanthone derivative from the pericarp of ;Nasrul Wathoni ...  Muchtaridi Muchtaridi;2020-04-13;7.42;0.14;Nanotechnol Sci Appl
"""Nanoparticle delivery"" OR ""non-viral delivery""";Structure-Dependent Biodistribution of Liposomal Spherical Nucleic Acids.;https://ncbi.nlm.nih.gov/pubmed/31951368;Spherical nucleic acids (SNAs) are a class of nanomaterials with a structure defined by a radial distribution of densely packed, short DNA or RNA sequences around a nanoparticle core.  This structure allows SNAs to rapidly enter mammalian cells, protects the displayed oligonucleotides from nuclease  ....;Jennifer R Ferrer ...  Chad A Mirkin;2020-01-17;13.70;0.14;ACS Nano
"""Nanoparticle delivery"" OR ""non-viral delivery""";Nanoparticle interactions with immune cells dominate tumor retention and induce T cell-mediated tumor suppression in models of breast cancer.;https://ncbi.nlm.nih.gov/pubmed/32232146;"The factors that influence nanoparticle fate in vivo following systemic delivery remain an area of intense interest.  Of particular interest is whether labeling with a cancer-specific antibody ligand (""active targeting"") is superior to its unlabeled counterpart (""passive targeting"").";Preethi Korangath ...  Robert Ivkov;2020-04-01;12.53;0.14;Sci Adv
"""Nanoparticle delivery"" OR ""non-viral delivery""";Chemotaxis-driven delivery of nano-pathogenoids for complete eradication of tumors post-phototherapy.;https://ncbi.nlm.nih.gov/pubmed/32111847;The efficacy of nano-mediated drug delivery has been impeded by multiple biological barriers such as the mononuclear phagocyte system (MPS), as well as vascular and interstitial barriers.  To overcome the abovementioned obstacles, we report a nano-pathogenoid (NPN) system that can in situ hitchhike  ....;Min Li ...  Yucai Wang;2020-02-29;11.80;0.14;Nat Commun
"""Nanoparticle delivery"" OR ""non-viral delivery""";Targeted PMP22 TATA-box editing by CRISPR/Cas9 reduces demyelinating neuropathy of Charcot-Marie-Tooth disease type 1A in mice.;https://ncbi.nlm.nih.gov/pubmed/31713617;Charcot-Marie-Tooth 1A (CMT1A) is the most common inherited neuropathy without a known therapy, which is caused by a 1. 4 Mb duplication on human chromosome 17, which includes the gene encoding the peripheral myelin protein of 22 kDa (PMP22).;Ji-Su Lee ...  Byung-Ok Choi;2019-11-12;11.14;0.14;Nucleic Acids Res.
"""Bacteriophage""";Structural morphing in a symmetry-mismatched viral vertex.;https://ncbi.nlm.nih.gov/pubmed/32249784;Large biological structures are assembled from smaller, often symmetric, sub-structures.  However, asymmetry among sub-structures is fundamentally important for biological function.;Qianglin Fang ...  Venigalla B Rao;2020-04-06;11.80;0.43;Nat Commun
"""Bacteriophage""";Impact of phages on soil bacterial communities and nitrogen availability under different assembly scenarios.;https://ncbi.nlm.nih.gov/pubmed/32252805;BACKGROUND: Bacteriophages, the viruses infecting bacteria, are biological entities that can control their host populations.  The ecological relevance of phages for microbial systems has been widely explored in aquatic environments, but the current understanding of the role of phages in terrestrial  ....;Lucas P P Braga ...  Laurent Philippot;2020-04-07;10.35;0.43;Microbiome
"""Bacteriophage""";Assembly-free single-molecule sequencing recovers complete virus genomes from natural microbial communities.;https://ncbi.nlm.nih.gov/pubmed/32075851;Viruses are the most abundant biological entities on Earth and play key roles in host ecology, evolution, and horizontal gene transfer.  Despite recent progress in viral metagenomics, the inherent genetic complexity of virus populations still poses technical difficulties for recovering complete viru ....;John Beaulaurier ...  Edward F DeLong;2020-02-22;9.68;0.14;Genome Res.
"""Bacteriophage""";Toxigenic ;https://ncbi.nlm.nih.gov/pubmed/32229557;The spread of cholera in the midst of an epidemic is largely driven by direct transmission from person to person, although it is well-recognized that ;Carla Mavian ...  Marco Salemi;2020-04-01;9.35;0.14;Proc. Natl. Acad. Sci. U.S.A.
"""Bacteriophage""";Advances in CRISPR/Cas-based Gene Therapy in Human Genetic Diseases.;https://ncbi.nlm.nih.gov/pubmed/32292501;CRISPR/Cas genome editing is a simple, cost effective, and highly specific technique for introducing genetic variations.  In mammalian cells, CRISPR/Cas can facilitate non-homologous end joining, homology- directed repair, and single-base exchanges.;Shao-Shuai Wu ...  Chun-Qing Song;2020-04-15;8.02;0.14;Theranostics
"""Bacteriophage""";Mechanism of ribosome shutdown by RsfS in Staphylococcus aureus revealed by integrative structural biology approach.;https://ncbi.nlm.nih.gov/pubmed/32245971;For the sake of energy preservation, bacteria, upon transition to stationary phase, tone down their protein synthesis.  This process is favored by the reversible binding of small stress-induced proteins to the ribosome to prevent unnecessary translation.;Iskander Khusainov ...  Marat Yusupov;2020-04-04;11.80;0.14;Nat Commun
"""Bacteriophage""";A DNA aptamer for binding and inhibition of DNA methyltransferase 1.;https://ncbi.nlm.nih.gov/pubmed/31733056;DNA methyltransferases (DNMTs) are enzymes responsible for establishing and maintaining DNA methylation in cells.  DNMT inhibition is actively pursued in cancer treatment, dominantly through the formation of irreversible covalent complexes between small molecular compounds and DNMTs that suffers fro ....;Linlin Wang ...  Wenwan Zhong;2019-11-16;11.14;0.14;Nucleic Acids Res.
"""Bacteriophage""";An improved platform for functional assessment of large protein libraries in mammalian cells.;https://ncbi.nlm.nih.gov/pubmed/31612958;Multiplex genetic assays can simultaneously test thousands of genetic variants for a property of interest.  However, limitations of existing multiplex assay methods in cultured mammalian cells hinder the breadth, speed and scale of these experiments.;Kenneth A Matreyek ...  Douglas M Fowler;2019-10-15;11.14;0.14;Nucleic Acids Res.
"""Bacteriophage""";Loss of the ribosomal RNA methyltransferase NSUN5 impairs global protein synthesis and normal growth.;https://ncbi.nlm.nih.gov/pubmed/31722427;Modifications of ribosomal RNA expand the nucleotide repertoire and thereby contribute to ribosome heterogeneity and translational regulation of gene expression.  One particular m5C modification of 25S ribosomal RNA, which is introduced by Rcm1p, was previously shown to modulate stress responses and ....;Clemens Heissenberger ...  Markus Schosserer;2019-11-13;11.14;0.14;Nucleic Acids Res.
"""Bacteriophage""";CRISPRCasdb a successor of CRISPRdb containing CRISPR arrays and cas genes from complete genome sequences, and tools to download and query lists of repeats and spacers.;https://ncbi.nlm.nih.gov/pubmed/31624845;In Archaea and Bacteria, the arrays called CRISPRs for 'clustered regularly interspaced short palindromic repeats' and the CRISPR associated genes or cas provide adaptive immunity against viruses, plasmids and transposable elements.  Short sequences called spacers, corresponding to fragments of inva ....;Christine Pourcel ...  Gilles Vergnaud;2019-10-18;11.14;0.14;Nucleic Acids Res.
"""Bacteriophage""";Are the intrinsically disordered linkers involved in SSB binding to accessory proteins?;https://ncbi.nlm.nih.gov/pubmed/31329947;Escherichia coli single strand (ss) DNA binding (SSB) protein protects ssDNA intermediates and recruits at least 17 SSB interacting proteins (SIPs) during genome maintenance.  The SSB C-termini contain a 9 residue acidic tip and a 56 residue intrinsically disordered linker (IDL).;Min Kyung Shinn ...  Timothy M Lohman;2019-07-22;11.14;0.14;Nucleic Acids Res.
"""Bacteriophage""";The PATRIC Bioinformatics Resource Center: expanding data and analysis capabilities.;https://ncbi.nlm.nih.gov/pubmed/31667520;The PathoSystems Resource Integration Center (PATRIC) is the bacterial Bioinformatics Resource Center funded by the National Institute of Allergy and Infectious Diseases (https://www. patricbrc.;James J Davis ...  Rick Stevens;2019-11-01;11.14;0.14;Nucleic Acids Res.
"""Bacteriophage""";Mutation signatures specific to DNA alkylating agents in yeast and cancers.;https://ncbi.nlm.nih.gov/pubmed/32133535;Alkylation is one of the most ubiquitous forms of DNA lesions.  However, the motif preferences and substrates for the activity of the major types of alkylating agents defined by their nucleophilic substitution reactions (SN1 and SN2) are still unclear.;Natalie Saini ...  Dmitry A Gordenin;2020-03-06;11.14;0.14;Nucleic Acids Res.
"""Bacteriophage""";Small and mighty: adaptation of superphylum Patescibacteria to groundwater environment drives their genome simplicity.;https://ncbi.nlm.nih.gov/pubmed/32252814;BACKGROUND: The newly defined superphylum Patescibacteria such as Parcubacteria (OD1) and Microgenomates (OP11) has been found to be prevalent in groundwater, sediment, lake, and other aquifer environments.  Recently increasing attention has been paid to this diverse superphylum including > 20 candi ....;Renmao Tian ...  Jizhong Zhou;2020-04-07;10.35;0.14;Microbiome
"""Cell engineering""";Rewiring of endogenous signaling pathways to genomic targets for therapeutic cell reprogramming.;https://ncbi.nlm.nih.gov/pubmed/32001704;Rewiring cellular sensors to trigger non-natural responses is fundamental for therapeutic cell engineering.  Current designs rely on engineered receptors that are limited to single inputs, and often suffer from high leakiness and low fold induction.;Krzysztof Krawczyk ...  Martin Fussenegger;2020-01-31;11.80;0.43;Nat Commun
"""Cell engineering""";Dual threshold optimization and network inference reveal convergent evidence from TF binding locations and TF perturbation responses.;https://ncbi.nlm.nih.gov/pubmed/32060051;A high-confidence map of the direct, functional targets of each transcription factor (TF) requires convergent evidence from independent sources.  Two significant sources of evidence are TF binding locations and the transcriptional responses to direct TF perturbations.;Yiming Kang ...  Michael R Brent;2020-02-15;9.68;0.14;Genome Res.
"""Cell engineering""";Sequential Glycosylation of Proteins with Substrate-Specific ;https://ncbi.nlm.nih.gov/pubmed/32123732;Protein glycosylation is a common post-translational modification that influences the functions and properties of proteins.  Despite advances in methods to produce defined glycoproteins by chemoenzymatic elaboration of monosaccharides, the understanding and engineering of glycoproteins remain challe ....;Liang Lin ...  Milan Mrksich;2020-03-03;9.65;0.14;ACS Cent Sci
"""Cell engineering""";Head-to-head comparison of in-house produced CD19 CAR-T cell in ALL and NHL patients.;https://ncbi.nlm.nih.gov/pubmed/32152221;BACKGROUND: CD19 chimeric antigen receptor T (CAR-T) cells demonstrate remarkable remission rates in pediatric and adult patients with refractory or relapsed (r/r) acute lymphoblastic leukemia (ALL) and non-Hodgkin's lymphoma (NHL).  In 2016, we initiated a clinical trial with in-house produced CD19 ....;Orit Itzhaki ...  Michal J Besser;2020-03-10;8.66;0.14;J Immunother Cancer
"""Cell engineering""";Increased antitumor efficacy of PD-1-deficient melanoma-specific human lymphocytes.;https://ncbi.nlm.nih.gov/pubmed/32001504;"BACKGROUND: Genome editing offers unique perspectives for optimizing the functional properties of T cells for adoptive cell transfer purposes.  So far, 
METHODS: Here we used the transfection of CAS9/sgRNA ribonucleoproteic complexes to edit 
RESULTS: Here we demonstrated the feasibility to edit 
CO ....";Lucine Marotte ...  Nathalie Labarriere;2020-01-31;8.66;0.14;J Immunother Cancer
"""Cell engineering""";PINK1 and Parkin mitochondrial quality control: a source of regional vulnerability in Parkinson's disease.;https://ncbi.nlm.nih.gov/pubmed/32169097;That certain cell types in the central nervous system are more likely to undergo neurodegeneration in Parkinson's disease is a widely appreciated but poorly understood phenomenon.  Many vulnerable subpopulations, including dopamine neurons in the substantia nigra pars compacta, have a shared phenoty ....;Preston Ge ...  Ted M Dawson;2020-03-14;8.38;0.14;Mol Neurodegener
"""Cell engineering""";PARIS induced defects in mitochondrial biogenesis drive dopamine neuron loss under conditions of parkin or PINK1 deficiency.;https://ncbi.nlm.nih.gov/pubmed/32138754;BACKGROUND: Mutations in PINK1 and parkin cause autosomal recessive Parkinson's disease (PD).  Evidence placing PINK1 and parkin in common pathways regulating multiple aspects of mitochondrial quality control is burgeoning.;Sheila K Pirooznia ...  Ted M Dawson;2020-03-06;8.38;0.14;Mol Neurodegener
"""Cell engineering""";Synthetic immunity by remote control.;https://ncbi.nlm.nih.gov/pubmed/32206114;Cell-based immunotherapies, such as T cells engineered with chimeric antigen receptors (CARs), have the potential to cure patients of disease otherwise refractory to conventional treatments.  Early-on-treatment and long-term durability of patient responses depend critically on the ability to control ....;Lena Gamboa ...  Gabriel A Kwong;2020-03-24;8.02;0.14;Theranostics
"""Cell engineering""";Modulation of tumor microenvironment for immunotherapy: focus on nanomaterial-based strategies.;https://ncbi.nlm.nih.gov/pubmed/32194857;Recent advances in the field of immunotherapy have profoundly opened up the potential for improved cancer therapy and reduced side effects.  However, the tumor microenvironment (TME) is highly immunosuppressive, therefore, clinical outcomes of currently available cancer immunotherapy are still poor.;Yun Liu ...  Leaf Huang;2020-03-20;8.02;0.14;Theranostics
"""Cell engineering""";A widespread family of heat-resistant obscure (Hero) proteins protect against protein instability and aggregation.;https://ncbi.nlm.nih.gov/pubmed/32163402;Proteins are typically denatured and aggregated by heating at near-boiling temperature.  Exceptions to this principle include highly disordered and heat-resistant proteins found in extremophiles, which help these organisms tolerate extreme conditions such as drying, freezing, and high salinity.;Kotaro Tsuboyama ...  Yukihide Tomari;2020-03-12;7.62;0.14;PLoS Biol.
"""Cell engineering""";Surface-anchored framework for generating RhD-epitope stealth red blood cells.;https://ncbi.nlm.nih.gov/pubmed/32219154;Rhesus D (RhD) is one of the most important immunogenic antigens on red blood cells (RBCs).  However, the supply of RhD-negative blood frequently faces critical shortages in clinical practice, and the positive-to-negative transition of the RhD antigen remains a great challenge.;Yueqi Zhao ...  Ben Wang;2020-03-28;12.53;0.14;Sci Adv
"""Cell engineering""";Cell reprogramming using extracellular vesicles from differentiating stem cells into white/beige adipocytes.;https://ncbi.nlm.nih.gov/pubmed/32232152;Stem cell-derived extracellular vesicles (EVs) offer alternative approaches to stem cell-based therapy for regenerative medicine.  In this study, stem cell EVs derived during differentiation are developed to use as cell-free therapeutic systems by inducing tissue-specific differentiation.;Youn Jae Jung ...  Yong Woo Cho;2020-04-01;12.53;0.14;Sci Adv
"""Cell engineering""";Dual pH-sensitive nanodrug blocks PD-1 immune checkpoint and uses T cells to deliver NF-κB inhibitor for antitumor immunotherapy.;https://ncbi.nlm.nih.gov/pubmed/32076650;The response to programmed cell death protein-1 (PD-1)/programmed death ligand-1 (PD-L1) blockade in cancer immunotherapy is limited because of multiple immune evasion mechanisms.  Here, a previously unknown strategy is proposed to synergize the nuclear factor κB (NF-κB) inhibition and PD-1 blockade ....;Zecong Xiao ...  Xintao Shuai;2020-02-22;12.53;0.14;Sci Adv
"""Cell engineering""";Strategies in catalysts and electrolyzer design for electrochemical CO;https://ncbi.nlm.nih.gov/pubmed/32128404;In light of environmental concerns and energy transition, electrochemical CO;Lei Fan ...  Yingying Lu;2020-03-04;12.53;0.14;Sci Adv
"""Cell engineering""";Intercellular communication between artificial cells by allosteric amplification of a molecular signal.;https://ncbi.nlm.nih.gov/pubmed/32246068;Multicellular organisms rely on intercellular communication to coordinate the behaviour of individual cells, which enables their differentiation and hierarchical organization.  Various cell mimics have been developed to establish fundamental engineering principles for the construction of artificial  ....;Bastiaan C Buddingh' ...  Jan C M van Hest;2020-04-04;11.80;0.14;Nat Commun
"""Cell engineering""";Vascular progenitors generated from tankyrase inhibitor-regulated naïve diabetic human iPSC potentiate efficient revascularization of ischemic retina.;https://ncbi.nlm.nih.gov/pubmed/32139672;Here, we report that the functionality of vascular progenitors (VP) generated from normal and disease-primed conventional human induced pluripotent stem cells (hiPSC) can be significantly improved by reversion to a tankyrase inhibitor-regulated human naïve epiblast-like pluripotent state.  Naïve dia ....;Tea Soon Park ...  Elias T Zambidis;2020-03-06;11.80;0.14;Nat Commun
"""Cell engineering""";The in vivo genetic program of murine primordial lung epithelial progenitors.;https://ncbi.nlm.nih.gov/pubmed/32005814;Multipotent Nkx2-1-positive lung epithelial primordial progenitors of the foregut endoderm are thought to be the developmental precursors to all adult lung epithelial lineages.  However, little is known about the global transcriptomic programs or gene networks that regulate these gateway progenitors ....;Laertis Ikonomou ...  Darrell N Kotton;2020-02-01;11.80;0.14;Nat Commun
"""Cell engineering""";Linear and circular PVT1 in hematological malignancies and immune response: two faces of the same coin.;https://ncbi.nlm.nih.gov/pubmed/32228602;Non coding RNAs (ncRNAs) have emerged as regulators of human carcinogenesis by affecting the expression of key tumor suppressor genes and oncogenes.  They are divided into short and long ncRNAs, according to their length.;Martina Ghetti ...  Giorgia Simonetti;2020-04-01;11.35;0.14;Mol. Cancer
"""Cell engineering""";An improved platform for functional assessment of large protein libraries in mammalian cells.;https://ncbi.nlm.nih.gov/pubmed/31612958;Multiplex genetic assays can simultaneously test thousands of genetic variants for a property of interest.  However, limitations of existing multiplex assay methods in cultured mammalian cells hinder the breadth, speed and scale of these experiments.;Kenneth A Matreyek ...  Douglas M Fowler;2019-10-15;11.14;0.14;Nucleic Acids Res.
"""Cell engineering""";The complex formed between a synthetic RNA aptamer and the transcription repressor TetR is a structural and functional twin of the operator DNA-TetR regulator complex.;https://ncbi.nlm.nih.gov/pubmed/32052019;RNAs play major roles in the regulation of gene expression.  Hence, designer RNA molecules are increasingly explored as regulatory switches in synthetic biology.;Florian C Grau ...  Yves A Muller;2020-02-13;11.14;0.14;Nucleic Acids Res.
"""Synthetic notch""";Next generation chimeric antigen receptor T cells: safety strategies to overcome toxicity.;https://ncbi.nlm.nih.gov/pubmed/31429760;Chimeric antigen receptor T (CAR-T) cell therapy is an emerging and effective cancer immunotherapy.  Especially in hematological malignancies, CAR-T cells have achieved exciting results.;Shengnan Yu ...  Kongming Wu;2019-08-20;11.35;0.43;Mol. Cancer
"""Synthetic notch""";Multi-antigen-targeted chimeric antigen receptor T cells for cancer therapy.;https://ncbi.nlm.nih.gov/pubmed/31783889;"The approval of two chimeric antigen receptor-modified T cell types by the US Food and Drug Administration (FDA) for the treatment of hematologic malignancies is a milestone in immunotherapy; however, the application of CAR-T cells has been limited by antigen escape and on-target, off-tumor toxiciti ....";Xiao Han ...  Weidong Han;2019-11-30;8.71;0.14;J Hematol Oncol
"""Gamma delta T cell""";Evolutionary transition from degenerate to nonredundant cytokine signaling networks supporting intrathymic T cell development.;https://ncbi.nlm.nih.gov/pubmed/31822609;In mammals, T cell development critically depends on the IL-7 cytokine signaling pathway.  Here we describe the identification of the zebrafish ortholog of mammalian IL-7 based on chromosomal localization, deduced protein sequence, and expression patterns.;Divine-Fondzenyuy Lawir ...  Thomas Boehm;2019-12-11;9.35;0.14;Proc. Natl. Acad. Sci. U.S.A.
"""Gamma delta T cell""";Targeting T cell malignancies using CAR-based immunotherapy: challenges and potential solutions.;https://ncbi.nlm.nih.gov/pubmed/31884955;"Chimeric antigen receptor (CAR) T cell therapy has been successful in treating B cell malignancies in clinical trials; however, fewer studies have evaluated CAR T cell therapy for the treatment of T cell malignancies.  There are many challenges in translating this therapy for T cell disease, includi ....";Lauren C Fleischer ...  Sunil S Raikar;2019-12-30;8.71;0.14;J Hematol Oncol
"""Gamma delta T cell""";Opposing T cell responses in experimental autoimmune encephalomyelitis.;https://ncbi.nlm.nih.gov/pubmed/31391585;Experimental autoimmune encephalomyelitis is a model for multiple sclerosis.  Here we show that induction generates successive waves of clonally expanded CD4.;Naresha Saligrama ...  Mark M Davis;2019-08-08;24.36;0.14;Nature
"""Gamma delta T cell""";Butyrophilin-2A1 Directly Binds Germline-Encoded Regions of the Vγ9Vδ2 TCR and Is Essential for Phosphoantigen Sensing.;https://ncbi.nlm.nih.gov/pubmed/32155411;Vγ9Vδ2 T cells respond in a TCR-dependent fashion to both microbial and host-derived pyrophosphate compounds (phosphoantigens, or P-Ag).  Butyrophilin-3A1 (BTN3A1), a protein structurally related to the B7 family of costimulatory molecules, is necessary but insufficient for this process.;Mohindar M Karunakaran ...  Thomas Herrmann;2020-03-10;14.64;0.14;Immunity
"""Gamma delta T cell""";Butyrophilin-like 3 Directly Binds a Human Vγ4;https://ncbi.nlm.nih.gov/pubmed/31628053;Butyrophilin (BTN) and butyrophilin-like (BTNL/Btnl) heteromers are major regulators of human and mouse γδ T cell subsets, but considerable contention surrounds whether they represent direct γδ T cell receptor (TCR) ligands.  We demonstrate that the BTNL3 IgV domain binds directly and specifically t ....;Carrie R Willcox ...  Benjamin E Willcox;2019-10-19;14.64;0.14;Immunity
"""Gamma delta T cell""";Eighty-eight variants highlight the role of T cell regulation and airway remodeling in asthma pathogenesis.;https://ncbi.nlm.nih.gov/pubmed/31959851;Asthma is one of the most common chronic diseases affecting both children and adults.  We report a genome-wide association meta-analysis of 69,189 cases and 702,199 controls from Iceland and UK biobank.;Thorunn A Olafsdottir ...  Kari Stefansson;2020-01-21;11.80;0.14;Nat Commun
"""Gamma delta T cell""";Automated optimized parameters for T-distributed stochastic neighbor embedding improve visualization and analysis of large datasets.;https://ncbi.nlm.nih.gov/pubmed/31780669;Accurate and comprehensive extraction of information from high-dimensional single cell datasets necessitates faithful visualizations to assess biological populations.  A state-of-the-art algorithm for non-linear dimension reduction, t-SNE, requires multiple heuristics and fails to produce clear repr ....;Anna C Belkina ...  Jennifer E Snyder-Cappione;2019-11-29;11.80;0.14;Nat Commun
"""mTOR""";Transcriptional suppression of AMPKα1 promotes breast cancer metastasis upon oncogene activation.;https://ncbi.nlm.nih.gov/pubmed/32193335;AMP-activated protein kinase (AMPK) functions as an energy sensor and is pivotal in maintaining cellular metabolic homeostasis.  Numerous studies have shown that down-regulation of AMPK kinase activity or protein stability not only lead to abnormality of metabolism but also contribute to tumor devel ....;Yong Yi ...  Zhi-Xiong Jim Xiao;2020-03-20;9.35;0.14;Proc. Natl. Acad. Sci. U.S.A.
"""mTOR""";Differences in the serum metabolome and lipidome identify potential biomarkers for seronegative rheumatoid arthritis versus psoriatic arthritis.;https://ncbi.nlm.nih.gov/pubmed/32079570;OBJECTIVES: The differential diagnosis of seronegative rheumatoid arthritis (negRA) and psoriasis arthritis (PsA) is often difficult due to the similarity of symptoms and the unavailability of reliable clinical markers.  Since chronic inflammation induces major changes in the serum metabolome and li ....;Margarida Souto-Carneiro ...  Hanns-Martin Lorenz;2020-02-22;12.68;0.14;Ann. Rheum. Dis.
"""mTOR""";Identification of a phosphorylation site on Ulk1 required for genotoxic stress-induced alternative autophagy.;https://ncbi.nlm.nih.gov/pubmed/32273498;Alternative autophagy is an autophagy-related protein 5 (Atg5)-independent type of macroautophagy.  Unc51-like kinase 1 (Ulk1) is an essential initiator not only for Atg5-dependent canonical autophagy but also for alternative autophagy.;Satoru Torii ...  Shigeomi Shimizu;2020-04-10;11.80;0.14;Nat Commun
"""mTOR""";DrugCombDB: a comprehensive database of drug combinations toward the discovery of combinatorial therapy.;https://ncbi.nlm.nih.gov/pubmed/31665429;Drug combinations have demonstrated high efficacy and low adverse side effects compared to single drug administration in cancer therapies and thus have drawn intensive attention from researchers and pharmaceutical enterprises.  Due to the rapid development of high-throughput screening (HTS), the num ....;Hui Liu ...  Lei Deng;2019-10-30;11.14;0.14;Nucleic Acids Res.
"""mTOR""";Loss of the ribosomal RNA methyltransferase NSUN5 impairs global protein synthesis and normal growth.;https://ncbi.nlm.nih.gov/pubmed/31722427;Modifications of ribosomal RNA expand the nucleotide repertoire and thereby contribute to ribosome heterogeneity and translational regulation of gene expression.  One particular m5C modification of 25S ribosomal RNA, which is introduced by Rcm1p, was previously shown to modulate stress responses and ....;Clemens Heissenberger ...  Markus Schosserer;2019-11-13;11.14;0.14;Nucleic Acids Res.
"""mTOR""";Translation-dependent unwinding of stem-loops by UPF1 licenses Regnase-1 to degrade inflammatory mRNAs.;https://ncbi.nlm.nih.gov/pubmed/31329944;Regnase-1-mediated mRNA decay (RMD), in which inflammatory mRNAs harboring specific stem-loop structures are degraded, is a critical part of proper immune homeostasis.  Prior to initial translation, Regnase-1 associates with target stem-loops but does not carry out endoribonucleolytic cleavage.;Takashi Mino ...  Osamu Takeuchi;2019-07-22;11.14;0.14;Nucleic Acids Res.
"""mTOR""";Inhibition of cytoplasmic cap methylation identifies 5' TOP mRNAs as recapping targets and reveals recapping sites downstream of native 5' ends.;https://ncbi.nlm.nih.gov/pubmed/31996904;Cap homeostasis is the cyclical process of decapping and recapping that maintains the translation and stability of a subset of the transcriptome.  Previous work showed levels of some recapping targets decline following transient expression of an inactive form of RNMT (ΔN-RNMT), likely due to degrada ....;Daniel Del Valle Morales ...  Daniel R Schoenberg;2020-01-30;11.14;0.14;Nucleic Acids Res.
"""mTOR""";Trafficking of siRNA precursors by the dsRBD protein Blanks in Drosophila.;https://ncbi.nlm.nih.gov/pubmed/32025726;RNA interference targets aberrant transcripts with cognate small interfering RNAs, which derive from double-stranded RNA precursors.  Several functional screens have identified Drosophila blanks/lump (CG10630) as a facilitator of RNAi, yet its molecular function has remained unknown.;Volker Nitschko ...  Klaus Förstemann;2020-02-06;11.14;0.14;Nucleic Acids Res.
"""klotho""";Successful generation of epigenetic disease model mice by targeted demethylation of the epigenome.;https://ncbi.nlm.nih.gov/pubmed/32234052;BACKGROUND: Epigenetic modifications, including DNA methylation, play an important role in gene silencing and genome stability.  Consequently, epigenetic dysregulation can cause several diseases, such as cancer, obesity, diabetes, autism, and imprinting disorders.;Takuro Horii ...  Izuho Hatada;2020-04-02;12.16;0.14;Genome Biol.
"""klotho""";Clinical practice recommendations for the diagnosis and management of X-linked hypophosphataemia.;https://ncbi.nlm.nih.gov/pubmed/31068690;X-linked hypophosphataemia (XLH) is the most common cause of inherited phosphate wasting and is associated with severe complications such as rickets, lower limb deformities, pain, poor mineralization of the teeth and disproportionate short stature in children as well as hyperparathyroidism, osteomal ....;Dieter Haffner ...  Agnès Linglart;2019-05-09;10.72;0.14;Nat Rev Nephrol
"""sarcopenia""";A counterintuitive perspective for the role of fat-free mass in metabolic health.;https://ncbi.nlm.nih.gov/pubmed/31999082;Fat-free mass (FFM) has long been recognized to play a role in metabolic homeostasis.  Over the years, it has become widely accepted by the scientific and general community alike that having a greater FFM can be protective for metabolic health.;Jean-Christophe Lagacé ...  Isabelle J Dionne;2020-01-30;9.55;0.43;J Cachexia Sarcopenia Muscle
"""sarcopenia""";Paediatric reference values for total psoas muscle area.;https://ncbi.nlm.nih.gov/pubmed/31920002;BACKGROUND: Sarcopenia, the unintentional loss of skeletal muscle mass, is associated with poor outcomes in adult patient populations.  In adults, sarcopenia is often ascertained by cross-sectional imaging of the psoas muscle area (PMA).;Eberhard Lurz ...  Vicky L Ng;2020-01-10;9.55;0.43;J Cachexia Sarcopenia Muscle
"""sarcopenia""";Bone in heart failure.;https://ncbi.nlm.nih.gov/pubmed/32087616;There is an increasing interest in osteoporosis and reduced bone mineral density affecting not only post-menopausal women but also men, particularly with coexisting chronic diseases.  Bone status in patients with stable chronic heart failure (HF) has been rarely studied so far.;Goran Loncar ...  Stephan von Haehling;2020-02-22;9.55;0.14;J Cachexia Sarcopenia Muscle
"""sarcopenia""";Comparison of multidimensional frailty score, grip strength, and gait speed in older surgical patients.;https://ncbi.nlm.nih.gov/pubmed/31912668;BACKGROUND: Frail older adults are at increased risk of post-operative morbidity compared with robust counterparts.  Simple methods testing frailty such as grip strength or gait speed have shown promising results for predicting post-operative outcome, but there is a debate regarding the most appropr ....;Jung-Yeon Choi ...  Cheol-Ho Kim;2020-01-08;9.55;0.14;J Cachexia Sarcopenia Muscle
"""sarcopenia""";Comparative proteomic analyses of Duchenne muscular dystrophy and Becker muscular dystrophy muscles: changes contributing to preserve muscle function in Becker muscular dystrophy patients.;https://ncbi.nlm.nih.gov/pubmed/31991054;BACKGROUND: Duchenne muscular dystrophy (DMD) and Becker muscular dystrophy (BMD) are characterized by muscle wasting leading to loss of ambulation in the first or third decade, respectively.  In DMD, the lack of dystrophin hampers connections between intracellular cytoskeleton and cell membrane lea ....;Daniele Capitanio ...  Cecilia Gelfi;2020-01-28;9.55;0.14;J Cachexia Sarcopenia Muscle
"""sarcopenia""";Handgrip weakness, low fat-free mass, and overall survival in non-small cell lung cancer treated with curative-intent radiotherapy.;https://ncbi.nlm.nih.gov/pubmed/32045108;BACKGROUND: Assessment of handgrip strength and fat-free mass provides quick and objective information on muscle performance and mass that might complement subjective World Health Organization Performance Status (WHO PS).  We investigated to what extent the presence of pre-treatment handgrip weaknes ....;Chris Burtin ...  Dirk K M De Ruysscher;2020-02-11;9.55;0.14;J Cachexia Sarcopenia Muscle
"""sarcopenia""";Nutrition interventions to treat low muscle mass in cancer.;https://ncbi.nlm.nih.gov/pubmed/31916411;Many patients with cancer experience poor nutritional status, which detrimentally impacts clinical outcomes.  Poor nutritional status in cancer is primarily manifested by severe muscle mass (MM) depletion, which may occur at any stage (from curative to palliative) and often co-exists with obesity.;Carla M Prado ...  Alessandro Laviano;2020-01-09;9.55;0.14;J Cachexia Sarcopenia Muscle
"""sarcopenia""";Identification of microRNAs in skeletal muscle associated with lung cancer cachexia.;https://ncbi.nlm.nih.gov/pubmed/31828982;BACKGROUND: Cachexia, highly prevalent in patients with non-small cell lung cancer (NSCLC), impairs quality of life and is associated with reduced tolerance and responsiveness to cancer therapy and decreased survival.  MicroRNAs (miRNAs) are small non-coding RNAs that play a central role in post-tra ....;Wouter R P H van de Worp ...  Ramon C J Langen;2019-12-12;9.55;0.14;J Cachexia Sarcopenia Muscle
"""sarcopenia""";Chronic heart failure with diabetes mellitus is characterized by a severe skeletal muscle pathology.;https://ncbi.nlm.nih.gov/pubmed/31863644;BACKGROUND: Patients with coexistent chronic heart failure (CHF) and diabetes mellitus (DM) demonstrate greater exercise limitation and worse prognosis compared with CHF patients without DM, even when corrected for cardiac dysfunction.  Understanding the origins of symptoms in this subgroup may faci ....;Jack O Garnham ...  Klaus K Witte;2019-12-21;9.55;0.14;J Cachexia Sarcopenia Muscle
"""sarcopenia""";Transient non-integrative expression of nuclear reprogramming factors promotes multifaceted amelioration of aging in human cells.;https://ncbi.nlm.nih.gov/pubmed/32210226;Aging is characterized by a gradual loss of function occurring at the molecular, cellular, tissue and organismal levels.  At the chromatin level, aging associates with progressive accumulation of epigenetic errors that eventually lead to aberrant gene regulation, stem cell exhaustion, senescence, an ....;Tapash Jay Sarkar ...  Vittorio Sebastiano;2020-03-26;11.80;0.14;Nat Commun
"""sarcopenia""";Sepsis therapies: learning from 30 years of failure of translational research to propose new leads.;https://ncbi.nlm.nih.gov/pubmed/32176432;Sepsis has been identified by the World Health Organization (WHO) as a global health priority.  There has been a tremendous effort to decipher underlying mechanisms responsible for organ failure and death, and to develop new treatments.;Jean-Marc Cavaillon ...  Tomasz Skirecki;2020-03-16;10.28;0.14;EMBO Mol Med
"""osteoarthritis""";Small extracellular vesicles from human adipose-derived stem cells attenuate cartilage degeneration.;https://ncbi.nlm.nih.gov/pubmed/32284824;Osteoarthritis (OA) is a chronic degenerative disease of articular cartilage that is the most common joint disease worldwide.  Mesenchymal stem cells (MSCs) have been the most extensively explored for the treatment of OA.;Chang Hee Woo ...  Yong Woo Cho;2020-04-14;10.65;0.43;J Extracell Vesicles
"""osteoarthritis""";Differences in the serum metabolome and lipidome identify potential biomarkers for seronegative rheumatoid arthritis versus psoriatic arthritis.;https://ncbi.nlm.nih.gov/pubmed/32079570;OBJECTIVES: The differential diagnosis of seronegative rheumatoid arthritis (negRA) and psoriasis arthritis (PsA) is often difficult due to the similarity of symptoms and the unavailability of reliable clinical markers.  Since chronic inflammation induces major changes in the serum metabolome and li ....;Margarida Souto-Carneiro ...  Hanns-Martin Lorenz;2020-02-22;12.68;0.14;Ann. Rheum. Dis.
"""osteoarthritis""";pathDIP 4: an extended pathway annotations and enrichment analysis resource for human, model organisms and domesticated species.;https://ncbi.nlm.nih.gov/pubmed/31733064;PathDIP was introduced to increase proteome coverage of literature-curated human pathway databases.  PathDIP 4 now integrates 24 major databases.;Sara Rahmati ...  Igor Jurisica;2019-11-16;11.14;0.14;Nucleic Acids Res.
"""osteoarthritis""";The IUPHAR/BPS Guide to PHARMACOLOGY in 2020: extending immunopharmacology content and introducing the IUPHAR/MMV Guide to MALARIA PHARMACOLOGY.;https://ncbi.nlm.nih.gov/pubmed/31691834;The IUPHAR/BPS Guide to PHARMACOLOGY (www. guidetopharmacology.;Jane F Armstrong ...  None None;2019-11-06;11.14;0.14;Nucleic Acids Res.
"""inflammasome""";NETosis proceeds by cytoskeleton and endomembrane disassembly and PAD4-mediated chromatin decondensation and nuclear envelope rupture.;https://ncbi.nlm.nih.gov/pubmed/32170015;Neutrophil extracellular traps (NETs) are web-like DNA structures decorated with histones and cytotoxic proteins that are released by activated neutrophils to trap and neutralize pathogens during the innate immune response, but also form in and exacerbate sterile inflammation.  Peptidylarginine deim ....;Hawa Racine Thiam ...  Clare M Waterman;2020-03-14;9.35;0.14;Proc. Natl. Acad. Sci. U.S.A.
"""inflammasome""";High-salt diet inhibits tumour growth in mice via regulating myeloid-derived suppressor cell differentiation.;https://ncbi.nlm.nih.gov/pubmed/32265505;High-salt diets are associated with an elevated risk of autoimmune diseases, and immune dysregulation plays a key role in cancer development.  However, the correlation between high-salt diets (HSD) and cancer development remains unclear.;Wei He ...  Lei Dong;2020-04-08;11.80;0.14;Nat Commun
"""interstitial lung""";Prescribing systemic steroids for acute respiratory tract infections in United States outpatient settings: A nationwide population-based cohort study.;https://ncbi.nlm.nih.gov/pubmed/32231363;BACKGROUND: Evidence and guidelines do not support use of systemic steroids for acute respiratory tract infections (ARTIs), but such practice appears common.  We aim to quantify such use and determine its predictors.;Kueiyu Joshua Lin ...  Aaron S Kesselheim;2020-04-01;9.39;0.14;PLoS Med.
"""ovarian cancer""";Tumor circulome in the liquid biopsies for cancer diagnosis and prognosis.;https://ncbi.nlm.nih.gov/pubmed/32292514;Liquid biopsy is a convenient, fast, non-invasive and reproducible sampling method that can dynamically reflect the changes in tumor gene expression profile, and provide a robust basis for individualized therapy and early diagnosis of cancer.  Circulating tumor DNA (ctDNA) and circulating tumor cell ....;Jicheng Wu ...  Ben Wang;2020-04-15;8.02;0.14;Theranostics
"""ovarian cancer""";Tumor reoxygenation for enhanced combination of radiation therapy and microwave thermal therapy using oxygen generation in situ by CuO nanosuperparticles under microwave irradiation.;https://ncbi.nlm.nih.gov/pubmed/32292521;As known, radiation therapy (RT) can exacerbate the degree of hypoxia of tumor cells, which induces serious resistance to RT and in turn, is the greatest obstacle to RT.  Reoxygenation can restore the hypoxic state of tumor cells, which plays an important role in reshaping tumor microenviroment for  ....;Zengzhen Chen ...  Xianwei Meng;2020-04-15;8.02;0.14;Theranostics
"""ovarian cancer""";Germline mutation of ;https://ncbi.nlm.nih.gov/pubmed/32300648;Dyskeratosis congenita is a cancer-prone inherited bone marrow failure syndrome caused by telomere dysfunction.  A mouse model recently suggested that p53 regulates telomere metabolism, but the clinical relevance of this finding remained uncertain.;Eléonore Toufektchan ...  Franck Toledo;2020-04-17;12.53;0.14;Sci Adv
"""ovarian cancer""";4-1BB Delineates Distinct Activation Status of Exhausted Tumor-Infiltrating CD8;https://ncbi.nlm.nih.gov/pubmed/31353502;"BACKGROUND AND AIMS: Targeting costimulatory receptors with agonistic antibodies is a promising cancer immunotherapy option.  We aimed to investigate costimulatory receptor expression, particularly 4-1BB (CD137 or tumor necrosis factor receptor superfamily member 9), on tumor-infiltrating CD8
APPROA ....";Hyung-Don Kim ...  Su-Hyung Park;2019-07-29;11.34;0.14;Hepatology
"""ovarian cancer""";DriverDBv3: a multi-omics database for cancer driver gene research.;https://ncbi.nlm.nih.gov/pubmed/31701128;An integrative multi-omics database is needed urgently, because focusing only on analysis of one-dimensional data falls far short of providing an understanding of cancer.  Previously, we presented DriverDB, a cancer driver gene database that applies published bioinformatics algorithms to identify dr ....;Shu-Hsuan Liu ...  Wei-Chung Cheng;2019-11-08;11.14;0.14;Nucleic Acids Res.
"""ovarian cancer""";Super-enhancers in transcriptional regulation and genome organization.;https://ncbi.nlm.nih.gov/pubmed/31724731;Gene expression is precisely controlled in a stage and cell-type-specific manner, largely through the interaction between cis-regulatory elements and their associated trans-acting factors.  Where these components aggregate in promoters and enhancers, they are able to cooperate to modulate chromatin  ....;Xi Wang ...  Jian Yan;2019-11-14;11.14;0.14;Nucleic Acids Res.
"""ovarian cancer""";A PARP1-BRG1-SIRT1 axis promotes HR repair by reducing nucleosome density at DNA damage sites.;https://ncbi.nlm.nih.gov/pubmed/31291457;Creating access to DNA double-strand break (DSB) sites in the chromatin context is an essential step during the repair process, but much remains to be determined about its regulatory mechanisms.  Here, using a novel reporter cassette for simultaneous detection of homologous recombination (HR) and no ....;Yu Chen ...  Zhiyong Mao;2019-07-10;11.14;0.14;Nucleic Acids Res.
